Anweisung,die,Anweisungen,instruction
Anzeige,die,Anzeigen,advertisement/report
anziehen,–,–,to put on
Anzug,der,Anzüge,suit
Apartment,das,Apartments,apartment
Apfel,der,Äpfel,apple
Apfelsaft,der,Apfelsäfte,apple juice
Apfelsaftschorle,die,Apfelsaftschorlen,apple juice spritzer
Apfelschorle,die,Apfelschorlen,apple spritzer
Apotheke,die,Apotheken,pharmacy
App,die,Apps,app
April,der,–,April
Arabisch,–,–,Arabic
Arbeit,die,Arbeiten,work
arbeiten (1/2),–,–,to work
Arbeitsalltag,der,–,workday routine
arbeitslos,–,–,unemployed
Arbeitsplatz,der,Arbeitsplätze,workplace
Arbeitszeit,die,Arbeitszeiten,working hours
Arbeitszimmer,das,Arbeitszimmer,home office
Architekt,der,Architekten,architect (male)
Architektin,die,Architektinnen,architect (female)
Architektur,die,–,architecture
argentinisch,–,–,Argentinian
Arm,der,Arme,arm
Art,die,Arten,"kind, type"
Artikel,der,Artikel,article
Artikelbild,das,Artikelbilder,article image
Arzt,der,Ärzte,doctor (male)
Arztbesuch,der,Arztbesuche,doctor visit
Ärztin,die,Ärztinnen,doctor (female)
asiatisch,–,–,Asian
Assoziation,die,Assoziationen,association
Atelier,das,Ateliers,studio
Atmosphäre,die,–,atmosphere
Attraktion,die,Attraktionen,attraction
attraktiv,–,–,attractive
auch,–,–,also
auf (1/2/3),–,–,on / at / onto
auf jeden Fall,–,–,definitely
auf sein,–,–,to be up
auf Wiederhören,–,–,goodbye (on the phone)
auf Wiedersehen,–,–,goodbye
Aufforderung,die,Aufforderungen,"request, command"
Aufgabe,die,Aufgaben,task
aufhängen,–,–,to hang up
aufhören,–,–,to stop
aufmachen,–,–,to open
aufpassen,–,–,to pay attention
aufschreiben,–,–,to write down
aufstehen,–,–,to get up
aufstellen,–,–,to set up
Aufzug,der,Aufzüge,elevator
Auge,das,Augen,eye
August,der,–,August
aus (1/2),–,–,from / out of
Ausdruck,der,Ausdrücke,expression
ausdrücken,–,–,to express
Ausflug,der,Ausflüge,excursion
ausfüllen,–,–,to fill out
Ausgang,der,Ausgänge,exit
ausgehen,–,–,to go out
Auskunft,die,Auskünfte,information
Ausland,das,–,abroad
ausmachen,–,–,to turn off
Aussage,die,Aussagen,statement
Aussagesatz,der,Aussagesätze,declarative sentence
aussehen,–,–,to look like
außerhalb,–,–,outside of
Äußerung,die,Äußerungen,utterance
Aussprache,die,–,pronunciation
aussteigen,–,–,to get off/out (vehicle)
Ausstellung,die,Ausstellungen,exhibition
Ausweis,der,Ausweise,ID card
auswendig,–,–,by heart
ausziehen,–,–,to take off / move out
Auto,das,Autos,car
Autobahn,die,Autobahnen,highway
Automat,der,Automaten,vending machine
Baby,das,Babys,baby
Bäcker,der,Bäcker,baker (male)
Bäckerei,die,Bäckereien,bakery
Bad,das,Bäder,bathroom
Badeanzug,der,Badeanzüge,swimsuit
Badehose,die,Badehosen,swim trunks
Bademode,die,Bademoden,swimwear
baden,–,–,to bathe
Badeurlaub,der,Badeurlaube,beach holiday
Bahnhof,der,Bahnhöfe,train station
Bahnsteig,der,Bahnsteige,platform
bald,–,–,soon
Balkon,der,Balkone,balcony
Ball,der,Bälle,ball
Banane,die,Bananen,banana
Bank (1 - bench),die,Bänke,bench
Bank (2 - institution),die,Banken,bank
Bar,die,Bars,bar
bar,–,–,cash
Basketball,–,–,basketball
Bauch,der,Bäuche,belly
Bauchschmerzen,die,– (Pl.),stomachache
Baum,der,Bäume,tree
Baustelle,die,Baustellen,construction site
Bauzeit,die,–,construction time
beantworten,–,–,to answer
Becher,der,Becher,cup
bedeuten,–,–,to mean
Befinden,das,–,well-being
Begeisterung,die,–,enthusiasm
Beginn,der,–,beginning
beginnen,–,–,to begin
bei,–,–,at / with
beide,–,–,both
Bein,das,Beine,leg
Beisl,das,Beisln,(Austrian) pub
Beispiel,das,Beispiele,example
Beiz,die,Beizen,(Swiss) bar
bekannt,–,–,known
Bekannte (m/f),der/die,Bekannten,acquaintance
bekommen,–,–,to receive
beliebt,–,–,popular
benutzen,–,–,to use
bequem,–,–,comfortable
Berg,der,Berge,mountain
Bergtour,die,Bergtouren,mountain tour
Bericht,der,Berichte,report
berichten,–,–,to report
Beruf,der,Berufe,profession
berühmt,–,–,famous
beschreiben,–,–,to describe
besetzt,–,–,occupied
besichtigen,–,–,to visit
besondere(r/s),–,–,special
besonders,–,–,especially
Besprechung,die,Besprechungen,meeting
besser,–,–,better
bestellen,–,–,to order
Bestellung,die,Bestellungen,order
bestimmt (1/2),–,–,certain / definite
Besuch,der,Besuche,visit
besuchen,–,–,to visit
Besucher,der,Besucher,visitor (male)
Besucherin,die,Besucherinnen,visitor (female)
betont,–,–,stressed (syllable)
Betonung,die,Betonungen,emphasis
Betreff,der,Betreffe,subject (of an email)
betreuen,–,–,to take care of / supervise
Bett,das,Betten,bed
bewegen,-,-,to move
Bewegung,die,-en,movement
Bewerbung,die,-en,application
Bewohner,der,-,inhabitant (masculine)
Bewohnerin,die,-nen,inhabitant (feminine)
bewölkt,-,-,cloudy
bezahlen,-,-,to pay
Bibliothek,die,-en,library
Biergarten,der,-,beer garden
Bikini,der,-s,bikini
Bild,das,-er,picture
bilden,-,-,to form
Bildgeschichte,die,-n,comic story
billig,-,-,cheap
Birne,die,-n,pear
bis,-,-,until
bis bald,-,-,see you soon
bis dann,-,-,until then
bis später,-,-,see you later
bis zu,-,-,up to
bitte,-,-,please
Bitte,die,-n,request
blau,-,-,blue
bleiben,-,-,to stay
Bleistift,der,-e,pencil
Blick,der,-e,glance
Blog,der,-s,blog
Blume,die,-n,flower
Bluse,die,-n,blouse
Blut,das,-,blood
böse,-,-,"evil, bad"
Brasilien,-,-,Brazil
brauchen,-,-,to need
braun,-,-,brown
breit,-,-,wide
Brief,der,-e,letter
Briefstandard,der,-s,letterhead
bringen,-,-,to bring
Brot,das,-e,bread
Brötchen,das,-,roll
Brücke,die,-n,bridge
Bruder,der,-,brother
Buch,das,-er,book
Buchladen,der,-,bookstore
Buchstabe,der,-n,letter (of the alphabet)
buchstabieren,-,-,to spell
Bühne,die,-n,stage
Bulgarisch,-,-,Bulgarian
Burg,die,-en,castle
Büro,das,-s,office
Bus,der,-se,bus
Butter,die,-,butter
Butterbrot,das,-e,sandwich (with butter)
Café,das,-s,café
Campingurlaub,der,-e,camping holiday
CD,die,-s,CD
Cents,der,-s,cents
Champignon,der,-s,mushroom
Chef,der,-s,boss
Chefin,die,-nen,boss (feminine)
chillen,-,-,to chill (relax)
Chips,die,-,chips
Chor,der,-e,choir
ciao,-,-,bye (informal)
circa,-,-,about
Club,der,-s,club
Cola,die/das,-s,cola
Comic,der,-s,comic
Computer,der,-,computer
Computerarbeit,die,-,computer work
Computerfirma,die,-firmen,computer company
Computerproblem,das,-e,computer problem
cool,-,-,cool
da,-,-,there
da sein,-,-,to be there
da vorne,-,-,over there
Dame,die,-n,lady
Damenmode,die,-n,women's fashion
danach,-,-,afterwards
daneben,-,-,"next to, beside"
Dank,der,-,thanks
danke,-,-,thank you
danke schön,-,-,thank you very much
danken,-,-,to thank
dann,-,-,then
darauf,-,-,"thereupon, on it"
das,-,-,that (demonstrative pronoun)
Datei,die,-en,file
Daten,die,-,data
Dativ,der,-,dative case
Datum,das,-,date
dauern,-,-,to last
dazu,-,-,to that
Decke,die,-n,"ceiling, blanket"
Deckel,der,-,lid
dein,-,-,your (informal)
dem,-,-,to them (dative)
Demonstrativartikel,der,-,demonstrative article
den,-,-,"the (accusative, masculine)"
denken,-,-,to think
denn,-,-,because
Design,das,-s,design
Designer,der,-,designer (masculine)
Designerin,die,-nen,designer (feminine)
Designfan,der,-s,design fan
Dessert,das,-s,dessert
Deutsch,-,-,German
Deutschbuch,das,-er,German book
Deutschland,-,-,Germany
Deutschsprachig,-,-,German-speaking
Dezember,der,-,December
Dialog,der,-e,dialogue
Dich,-,-,"you (accusative, informal)"
direkt,-,-,direct
dirigieren,-,-,to direct
diskutieren,-,-,to discuss
doch,-,-,"but, however"
Doktor,der,-en,doctor
Döner,der,-,kebab
Donnerstag,der,-e,Thursday
doof,-,-,stupid
doppelt,-,-,double
Doppelzimmer,das,-e,double room
Dorf,das,-er,village
Dose,die,-n,can
draußen,-,-,outside
drei,-,-,three
dreimal,-,-,three times
dreißig,-,-,thirty
dreizehn,-,-,thirteen
dritt,-,-,third
drucken,-,-,to print
Drucker,der,-,printer
du,-,-,you (informal)
dunkel,-,-,dark
durch,-,-,through
dürfen,-,-,to be allowed to
Durst,der,-,thirst
Dusche,die,-n,shower
duschen,-,-,to shower
Duschgel,das,-s,shower gel
ebenso,-,-,likewise
echt,-,-,"real, genuine"
Ecke,die,-n,corner
egal,-,-,equal
Ehefrau,die,-en,wife
Ehemann,der,-,husband
Ei,das,-er,egg
eigene,-,-,own
eigentlich,-,-,actually
eilig,-,-,in a hurry
ein,ein/eine,-,a (indefinite article)
ein bisschen,-,-,a little
ein paar,-,-,a few
einfach (1),-,-,simple
einfach (2),-,-,simple (for everyone)
einfallen,-,-,to occur (to come to mind)
eingeben,-,-,"to enter (e.g., a password)"
einhundert,-,-,one hundred
Einkauf,der,-e,purchase
einkaufen,-,-,to shop
Einkaufswagen,der,-,shopping cart
Einkaufszettel,der,-,shopping list
einladen,-,-,to invite
Einladung,die,-en,invitation
Einladungs-Mail,die,-s,invitation email
einmal,-,-,once
einpacken,-,-,to pack
eins,-,-,one (numeral)
einsammeln,-,-,to collect
einschlafen,-,-,to fall asleep
einsteigen,-,-,to board (a vehicle)
eintausend,-,-,one thousand
Eintrag,der,-e,entry
Eintritt,der,-e,admission
Einweihungsfeier,die,-n,housewarming party
Einzelzimmer,das,-,single room
Eis,das,-,ice cream
elegant,-,-,elegant
Elektriker,der,-,electrician
Elektrikerin,die,-nen,female electrician
Elektrogerät,das,-e,electrical appliance
elf,-,-,eleven
Eltern,die,-,parents
E-Mail,die,-s,email
E-Mail-Adresse,die,-n,email address
Emmentaler,der,-,Emmental cheese
Empfänger,der,-,recipient
Empfängerin,die,-nen,female recipient
empfehlen,-,-,to recommend
Ende,das,-n,end
enden,-,-,to end
endlich,-,-,finally
Endung,die,-en,ending
eng,-,-,tight
Englisch,-,-,English
Englisch-Test,der,-s,English test
entdecken,-,-,to discover
Entscheidung,die,-en,decision
entschuldigen,-,-,to apologize
Entschuldigung,die,-en,apology
Erdgeschoss,das,-e,ground floor
Ereignis,das,-se,event
Erfindung,die,-en,invention
ergänzen,-,-,to supplement
Ergebnis,das,-se,result
erkältet,-,-,cold (illness)
erklären,-,-,to explain
Erlaubnis,die,-se,permission
erlaubt sein,-,-,to be allowed
erschließen,-,-,to conclude
erst,-,-,first
erste,-,-,first
Erste,der/die,-n,first (person)
Erwachsene,der/die,-n,adult
erzählen,-,-,to tell
Erzieher,der,-,educator (male)
Erzieherin,die,-nen,educator (female)
es,-,-,it
Essen,das,-,food
essen,-,-,to eat
Essig,der,-e,vinegar
etwas (1),-,-,something
etwas (2),-,-,somewhat
euch,-,-,"you (plural, accusative)"
euer,-,-,your (plural)
Euro,der,-s,Euro (currency)
Event,das,-s,event
Experiment,das,-e,experiment
Extra,-,-,special
Fachwerkhaus,das,-,half-timbered house
fahren,-,-,to drive
Fahrkarte,die,-n,ticket
Fahrrad,das,-er,bicycle
Fahrradtour,die,-en,bike tour
falsch,-,-,wrong
Familie,die,-n,family
Familienfoto,das,-s,family photo
Familienname,der,-n,family name
Fantasie,die,-,imagination
Farbe,die,-n,color
faul,-,-,lazy
Februar,der,-,February
fehlen,-,-,to be missing
fehlend,-,-,missing
Fehler,der,-e,mistake
Feier,die,-n,celebration
Feierabend,der,-e,end of work day
feiern,-,-,to celebrate
frei,-,-,"free, available"
freilhaben,-,-,to be off work
Freizeit,die,-,"leisure time, free time"
Freizeitaktivität,die,-en,leisure activity
Freizeitkleidung,die,-,leisure clothing
freuen (sich),-,-,"to be happy, to rejoice"
Freund,der,-e,friend (male)
Freundin,die,-nen,friend (female)
freundlich,-,-,friendly
frisch,-,-,fresh
Friseur,der,-e,hairdresser (male)
Friseurin,die,-nen,hairdresser (female)
froh,-,-,happy
früh,-,-,early
früher,-,-,earlier
Frühling,der,-,spring
Frühstück,das,-e,breakfast
frühstücken,-,-,to have breakfast
führen,-,-,"to lead, to conduct (a conversation)"
fünf,-,-,five
fünfzehn,-,-,fifteen
fünfzig,-,-,fifty
für (+ A.),-,-,for
Fuß,der,-e,foot
Fußball,-,-,soccer
Fußballspiel,das,-e,soccer game
Gabel,die,-n,fork
Gadget,das,-s,gadget
ganz,-,-,"complete, entire"
gar,-,-,at all
Gefallen,der,-,"favor, pleasure"
gefallen,-,-,"to like, to please"
gegen (+ A.),-,-,against
gegenseitig,-,-,mutual
gegenüber,-,-,"opposite, across from"
gehen,-,-,to go
gehören,-,-,to belong
Geige,die,-n,violin
Geigenunterricht,der,-n,violin lessons
gelb,-,-,yellow
Geld,das,-er,money
Gemüse,das,-,vegetables
gemütlich,-,-,"cozy, comfortable"
genau,-,-,"exact, precise"
genießen,-,-,to enjoy
gleich,-,-,"same, equal"
gleichfalls,-,-,likewise
Gleis,das,-e,platform
Glück,das,-,"luck, happiness"
glücklich,-,-,happy
Glückwunsch,der,-e,congratulations
Grad,der,-e,"degree, grade"
Gramm,das,-,gram
Grammatik,die,-en,grammar
grau,-,-,gray
Griechenland,-,-,Greece
grillen,-,-,to grill
Grillparty,die,-s,barbecue party
groß,-,-,"large, big"
Größe,die,-n,size
Großeltern,die,-,grandparents
Großmutter,die,-n,grandmother
Großvater,der,-e,grandfather
grüezi,-,-,hello (Swiss German)
grün,-,-,green
Grund,der,-e,"reason, cause"
Gruppe,die,-n,group
Gruß,der,-e,greeting
grüß Gott,-,-,"hello (Southern Germany, Austria)"
grüßen,-,-,to greet
Grußformel,die,-n,salutation
günstig,-,-,"favorable, cheap"
Gurke,die,-n,cucumber
gut,-,-,good
genießen,-,-,to enjoy
Gebot,das,-e,command
Geburtsdatum,das,-daten,birth date
Geburtsort,der,-e,place of birth
Geburtstag,der,-e,birthday
geehrt,-,-,honored
gefährlich,-,-,dangerous
Geschwister,die,-,siblings
Gesicht,das,-er,face
Gespräch,das,-e,conversation
Gesprächsthema,das,-themen,topic of conversation
gestern,-,-,yesterday
gesund,-,-,healthy
Getränk,das,-e,drink
getrennt,-,-,"separated, divided"
Gewicht,das,-e,weight
Glas,das,-er,glass
glauben,-,-,to believe
haben,-,-,to have
Hafen,der,-e,harbor
Hähnchen,das,-,chicken (diminutive)
halb,-,-,half
Halbe Stunde,die,-n,half an hour
Halbmarathon,der,-s,half marathon
hallo,-,-,hello
Hals,der,-e,neck
Halsschmerzen,die,-,sore throat
Haltestelle,die,-n,bus stop
Hamster,der,-n,hamster
Hand,die,-e,hand
Händler,der,-,"dealer, trader"
Hændlerin,die,-nen,"female trader, dealer"
Handschuh,der,-e,glove
Handtasche,die,-n,handbag
Handtuch,das,-er,towel
Handwerker,der,-,"craftsman, worker"
Handwerkerin,die,-nen,female craftsman
Handy-Akku,der,-s,mobile phone battery
Handynummer,die,-n,mobile phone number
hässlich,-,-,ugly
Hauptstadt,die,-e,capital city
Haus,das,-er,house
Hausaufgabe,die,-n,homework
Haushalt,der,-e,household
Haushaltswaren,die,-,household goods
Hausmeister,der,-,"caretaker, janitor"
Hausmeisterin,die,-nen,female caretaker
Hausmittel,das,-,home remedy
Hausnummer,die,-n,house number
Heft,das,-e,notebook
Heimat,die,-,homeland
heiß,-,-,hot
heißen (1),-,-,to be called (name)
heißen (2),-,-,to be named (calling)
helfen,-,-,to help
hell,-,-,bright
Helm,der,-e,helmet
Hemd,das,-en,shirt
Herbst,der,-,autumn
Herd,der,-e,stove
Herr,der,-en,"gentleman, Mr."
Herrenmode,die,-n,men's fashion
herzlich,-,-,heartfelt
Hilfe,die,-n,help
Himmelsrichtung,die,-en,cardinal direction
hinlegen (sich),-,-,to lay down
hinter (+ D.),-,-,behind
Hitze,die,-,heat
Hobby,das,-s,hobby
hoch,-,-,high
Hochhaus,das,-er,skyscraper
Hof,der,-e,"courtyard, yard"
hoffentlich,-,-,hopefully
höflich,-,-,polite
Höflichkeit,die,-,politeness
holen (1),-,-,to fetch
holen (2),-,-,to bring
Holz,das,-er,wood
Homepage,die,-s,homepage
Honig,der,-,honey
hören,-,-,to hear
Hose,die,-n,pants
Hotel,das,-s,hotel
Hotelchef,der,-s,hotel manager
Hotelchefin,die,-nen,female hotel manager
Hühnersuppe,die,-n,chicken soup
Hund,der,-e,dog
hundert,-,-,hundred
Hunger,der,-,hunger
hungrig,-,-,hungry
hurra,-,-,hooray
husten,-,-,to cough
Hustensaft,der,-e,cough syrup
Hut,der,-e,hat
ich,-,-,I
ideal,-,-,ideal
Idee,die,-n,idea
ihn,-,-,him
Ihnen,-,-,you (formal)
"Ihr, Ihre",-,-,your (formal)
ihr (1),-,-,you (plural)
ihr (2),-,-,their
immer,-,-,always
Imperativ,der,-e,imperative
in (1) (+ D.),-,-,in (location)
in (2) (+ D.),-,-,"in (city, country)"
in (3) (+ D.),-,-,in (time)
Individualist,der,-en,individualist
Individualistin,die,-nen,female individualist
individuell,-,-,individual
Indonesisch,-,-,Indonesian
Infinitiv,der,-e,infinitive
Informatiker,der,-,computer scientist
Informatikerin,die,-nen,female computer scientist
Information,die,-en,information
informell,-,-,informal
Infotext,der,-e,information text
Ingenieur,der,-e,engineer
Ingenieurin,die,-nen,female engineer
inhalieren,-,-,to inhale
inoffiziell,-,-,unofficial
Insel,die,-n,island
insgesamt,-,-,altogether
interessant,-,-,interesting
interessieren,-,-,to interest
international,-,-,international
Internet,das,-,internet
Jacke,die,-n,jacket
Jahr (1),das,-e,year (duration)
Jahr (2),das,-e,year (age)
Jahrestreffen,das,-,annual meeting
Jahreszeit,die,-en,season
Januar,der,-,January
Japan,-,-,Japan
Japanisch,-,-,Japanese
Jeans,die,-,jeans
"jede, jeder",-,-,"each, every"
jemand,-,-,someone
jetzt,-,-,now
Job,der,-s,job
Job-Portal,das,-e,job portal
joggen,-,-,to jog
Joghurt,der/das,-s,yogurt
Journalist,der,-en,journalist
Journalistin,die,-nen,female journalist
Jugendherberge,die,-n,youth hostel
Jugendliche,der/die,-n,youth
Juli,der,-,July
jung,-,-,young
Junge,der,-n,boy
Juni,der,-,June
Jurist,der,-en,lawyer
Juristin,die,-nen,female lawyer
k.o,-,-,knocked out
Kaffee,der,-s,coffee
Kaffeehaus,das,-er,coffeehouse
Kaffeemaschine,die,-n,coffee machine
Kalender,der,-,calendar
kalt,-,-,cold
Kamera,die,-s,camera
Kantine,die,-n,canteen
Kapitel,das,-e,chapter
kaputt,-,-,broken
Karate,-,-,karate
Karriere,die,-n,career
Karte (1),die,-n,card (note)
Karte (2),die,-n,map
Karte (3),die,-n,card (payment method)
Karte (4),die,-n,map
Kartoffel,die,-n,potato
Karussell,das,-e,carousel
Käse,der,-,cheese
Kasse,die,-n,cash register
Kassenzettel,der,-,receipt
kaufen,-,-,to buy
Kaufhaus,das,-er,department store
kaum,-,-,hardly
"kein, keine",-,-,"no, none"
Keks,der/das,-e,cookie
Kellner,der,-,waiter
Kellnerin,die,-nen,waitress
kennen,-,-,to know (a person)
kennen lernen,-,-,to get to know
Kilo,das,-s,kilogram (kg)
Kilogramm,das,-s,kilogram (kg)
Kilometer,der,-,kilometer
Kranke,der/die,-n,sick person
Krankenhaus,das,-er,hospital
Krankenpfleger,der,-,male nurse
Krankenpflegerin,die,-nen,female nurse
Krankheit,die,-en,illness
Krawatte,die,-n,tie
kreativ,-,-,creative
Kreditkarte,die,-n,credit card
Kuchen,der,-,cake
Kugelschreiber,der,-,ballpoint pen
Kühlschrank,der,-e,refrigerator
Kultur,die,(Sg.),culture
Lehrerin,die,-nen,female teacher
leicht,-,-,"light, easy"
leider,-,-,unfortunately
leid tun,-,-,to be sorry
leise,-,-,quiet
lernen,-,-,to learn
Lernkarte,die,-n,flashcard
Lernwortschatz,der,-e,vocabulary
lesen,-,-,to read
letzte,-,-,last
Leute,die,(Pl.),people
Licht,das,-er,light
lieb,-,-,"dear, beloved"
lieben,-,-,to love
Kind,das,-er,child
Kindergarten,der,-,kindergarten
Kinderzimmer,das,-,children's room
Kino,das,-s,cinema
Küche,die,-n,kitchen
Kirche,die,-n,church
Kiste,die,-n,box
Klamotten,die,(Pl.),clothes
klar (1),-,-,"clear (e.g., ""Of course"")"
klar (2),-,-,"clear (e.g., ""Everything is clear"")"
Kultur-Nacht,die,-e,culture night
Kleid,das,-er,dress
Kleidergeschäft,das,-e,clothing store
Kleiderkauf,der,-e,clothing purchase
Kunde,der,-n,customer
Kundenbesuch,der,-e,customer visit
Lied,das,-er,song
Künstlerin,die,-nen,female artist
Kunst,die,-en,art
Kunsthalle,die,-n,art gallery
Kurs,der,-e,course
Kursplakat,das,-e,course poster
Kursraum,der,-e,course room
Kursstatistik,die,-en,course statistics
kurz (1),-,-,"short (e.g., short text)"
kurz (2),-,-,"short (e.g., time-related)"
Kurzform,die,-en,abbreviation
Kneipe,die,-n,pub
Knie,das,-,knee
Koch,der,-e,cook (male)
kochen,-,-,to cook
Köchin,die,-nen,cook (female)
Koffer,der,-,suitcase
Labor,das,-e,laboratory
Kollege,der,-n,colleague (male)
Kollegin,die,-nen,colleague (female)
kommen,-,-,to come
Kommentar,der,-e,comment
Kompositum,das,-e,compound word
können,-,-,can (ability)
Konsonant,der,-en,consonant
Kontakt,der,-e,contact
Kontext,der,-e,context
Konto,das,-en,account
Kontrolle,die,-n,control
kontrollieren,-,-,to control
Konzert,das,-e,concert
Kopf,der,-e,head
Laborant,der,-en,laboratory assistant (male)
Laborantin,die,-nen,laboratory assistant (female)
Laden,der,-,store
Lage,die,-n,location
Lampe,die,-n,lamp
Land,das,-er,country
Landschaft,die,-en,landscape
lang,-,-,long
langsam,-,-,slow
langweilig,-,-,boring
laufen,-,-,to run/walk
laut,-,-,loud
Leben,das,-,life
leben,-,-,to live
lebendig,-,-,"alive, lively"
Lebensmittel,das,-,food
Kopfschmerzen,die,(Pl.),headache
Körper,der,-,body
Körperteil,der,-e,body part
korrigieren,-,-,to correct
lecker,-,-,delicious
Kosmetik,die,-a,cosmetics
Kosten,die,(Pl.),costs
leer (1),-,-,empty (battery)
kosten,-,-,to cost
leer (2),-,-,empty (fridge)
Lieblingsfarbe,die,-n,favorite color
Lieblingsort,der,-e,favorite place
Lieblingszimmer,das,-,favorite room
liegen,-,-,to lie (position)
Limonade,die,-n,lemonade
links,-,-,left
Liste,die,-n,list
Liter,der,-,liter
Löffel,der,-,spoon
Loft,das,-s,loft
Lokal,das,-e,local (restaurant/bar)
Lösung,die,-en,solution
Lust,die,(Sg.),"desire, wish"
lustig,-,-,funny
machen,-,-,"to do, make"
Mädchen,das,-,girl
Mahlzeit,die,-en,"meal, lunch"
Mai,der,-,May
Mail,die,-s,email
Mal,das,-e,time (event)
malen,-,-,to paint
Mann,der,⸻er,man
Mann (2),der,⸻er,husband
Mann,der,Männer,man
männlich,-,-,masculine
Mantel,der,Mäntel,coat
Marathon,der,-s,marathon
markieren,-,-,to mark
Markt,der,Märkte,market
Marmelade,die,Marmeladen,jam
März,der,-,March
maskulin,-,-,masculine
Maß,das,Maße,measure
Mathe-Test,der,-s,math test
Maus,die,Mäuse,mouse
maximal,-,-,maximum
Mechaniker,der,-,mechanic
Mechanikerin,die,-nen,female mechanic
Medien,die,-,media
Medikament,das,Medikamente,medicine
Meer,das,Meere,sea
mehr,-,-,more
mehrere,-,-,several
"mein, meine",-,-,my
meinen,-,-,my (accusative)
meistens,-,-,mostly
melden (sich),-,-,to report (oneself)
Mensa,die,Mensen,cafeteria
Mensch,der,Menschen,person
merken,-,-,to notice
Messer,das,Messer,knife
Meter,der,Meter,meter
Methode,die,Methoden,method
Metzgerei,die,Metzgereien,butcher shop
Mexiko,-,-,Mexico
mich,-,-,me (accusative)
Miete,die,Mieten,rent
Milch,die,-,milk
Milliarde,die,Milliarden,billion
Million,die,Millionen,million
mindestens,-,-,at least
Mindmap,die,-s,mind map
minus,-,-,minus
Minute,die,Minuten,minute
mir,-,-,me (dative)
mischen,-,-,to mix
Missfallen,das,-,displeasure
Mist,der,-,mist
Mistwetter,das,-,bad weather
mit,-,-,with
Mitarbeiter,der,-,employee
Mitarbeiterin,die,-nen,female employee
mitbringen,-,-,to bring with
Mitglied,das,Mitglieder,member
mitkommen,-,-,to come with
mitlesen,-,-,to read along
mitmachen,-,-,to participate
mitnehmen,-,-,to take with
mitsprechen,-,-,to speak along
Mittag,der,Mittage,midday
Mittagessen,das,-,lunch
mittags,-,-,at noon
Mittagspause,die,-n,lunch break
Mitte,die,-,middle
Mittwoch,der,-e,Wednesday
Möbel,die,-,furniture
möchten,-,-,to want
Modalverb,das,-en,modal verb
Mode,die,-n,fashion
Modedesigner,der,-,fashion designer
Modedesignerin,die,-nen,female fashion designer
Modefan,der,-s,fashion fan
Modell,das,-e,model
Modeschule,die,-n,fashion school
mögen,-,-,to like
Möglichkeit,die,-en,possibility
moin,-,-,"hello (informal, used in Northern Germany)"
Moment,der,-e,moment
Monat,der,-e,month
Montag,der,-e,Monday
morgen,-,-,tomorrow
Morgen,der,-e,morning
morgens,-,-,in the morning
Motorrad,das,-er,motorcycle
müde,-,-,tired
Mund,der,Münder,mouth
Museum,das,Museen,museum
Musik,die,-,music
Musikgruppe,die,-n,music group
Musikproduktion,die,-en,music production
Musikschule,die,-n,music school
Müsli,das,-s,muesli
müssen,-,-,must
Mutter,die,Mütter,mother
Muttersprache,die,-n,mother tongue
Mütze,die,-n,hat
nach,-,-,after
Nachbar,der,Nachbarn,neighbor
Nachbarin,die,-nen,female neighbor
nachfragen,-,-,to inquire
Nachmittag,der,-e,afternoon
nachmittags,-,-,in the afternoon
Nachname,der,-n,last name
Nachricht,die,-en,message
Nachrichten,die,-,news
nachsprechen,-,-,to repeat
nächste,-,-,next
Nacht,die,Nächte,night
Nachteil,der,-e,disadvantage
nachts,-,-,at night
Nähe,die,-,vicinity
Name,der,-n,name
Nase,die,-n,nose

Natur,die,-,nature
natürlich,-,-,natural
neben,-,-,next to
Negationsartikel,der,-,negation article
negativ,-,-,negative
nehmen,-,-,to take
nein,-,-,no
Nelke,die,-n,carnation
nennen,-,-,to name
nerven,-,-,to annoy
nett,-,-,nice
Netz,das,-,network
neu,-,-,new
neun,-,-,nine
neunzehn,-,-,nineteen
neunzig,-,-,ninety
neutral,-,-,neutral
neutrum,-,-,neuter
nicht,-,-,not
nicht mehr,-,-,no longer
nicht nur,-,-,not only
nichts,-,-,nothing
nie,-,-,never
noch,-,-,"still, yet"
noch einmal,-,-,once again
Nomen,das,-,noun
Nominativ,der,-e,nominative case
Norden,der,-,north
normal,-,-,normal
normalerweise,-,-,normally
Notarzt,der,-e,emergency doctor
Notärztin,die,-nen,female emergency doctor
notieren,-,-,to note
Notiz,die,-en,note
November,der,-,November
Nudel,die,-n,noodle
Nùll,-,-,zero
Nùmmer,die,-n,number
nummerieren,-,-,to number
nur,-,-,only
nur noch,-,-,just still
oben,-,-,above
Obst,das,(Sg.),fruit
oder,-,-,or
offen,-,-,open
offiziell,-,-,official
offline,-,-,offline
öffnen (1),-,-,to open (a file)
öffnen (2),-,-,to open (our bakery on Sunday)
Öffnungszeiten,die,-,opening hours
oft,-,-,often
ohne (+ A.),-,-,without
passen (2),-,-,to fit (The pants didn’t fit)
passend,-,-,fitting
passieren,-,-,to happen
Passwort,das,-er,password
Patient,der,-en,patient
Patientin,die,-nen,female patient
Pause,die,-n,break
Pech,das,(Sg.),bad luck
Pension,die,-en,pension
perfekt,-,-,perfect
Perfekt,das,(Sg.),perfect tense
Person,die,-en,person
Personalpronomen,das,-,personal pronoun
persönlich,-,-,personal
Pfeffer,der,-,pepper
Pflanze,die,-n,plant
Pflaster,das,-,plaster
Physiotherapeut,der,-en,physiotherapist
Physiotherapeutin,die,-nen,female physiotherapist
Ohr,das,-en,ear
okay,-,-,okay
Physiotherapie,die,-n,physiotherapy
Oktober,der,(Sg.),October
Picknick,das,-s,picnic
Öl,das,-e,oil
Pizza,die,-s/Pizzen,pizza
Olive,die,-n,olive
Oma,die,-s,grandma
Onkel,der,-,uncle
online,-,-,online
Opa,der,-s,grandpa
Open-Air-Kino,das,-s,open-air cinema
Oper,die,-n,opera
orange,-,-,orange
Orangensaft,der,-e,orange juice
Orchester,das,-,orchestra
Ordinalzahl,die,-en,ordinal number
ordnen,-,-,to arrange
orientieren (sich),-,-,to orient (oneself)
originell,-,-,original
Ort,der,-e,place
Ortsangabe,die,-n,location indicator
Ortsveränderung,die,-en,change of place
Osten,der,(Sg.),East
Österreich,-,-,Austria
Paar,das,-e,pair
packen,-,-,to pack
Packung,die,-en,package
Paket,das,-e,package
Pantomime,die,(Sg.),pantomime
Papier,das,-e,paper
Papiere,die,(Pl.),papers
Parfüm,das,-e/-s,perfume
Parfümerie,die,-n,perfumery
Park,der,-s,park
Partizip,das,-ien,participle
Partner,der,-,partner
Partnerin,die,-nen,female partner
Party,die,-s,party
Pass,der,-e,passport
passen (1),-,-,to fit (Which photo fits the text?)
Plakat,das,-e,poster
Plan,der,-e,plan
planen,-,-,to plan
Platz (1),der,-e,space
Platz (2),der,-e,square
Plural,der,-e,plural
Pluralendung,die,-en,plural ending
Pluralform,die,-en,plural form
plus,-,-,plus
Polen,-,-,Poland
Politik,die,(Sg.),politics
Polizist,der,-en,policeman
Polizistin,die,-nen,policewoman
Polnisch,-,-,Polish
Pommes,die,(Pl.),French fries
Pommes frites,die,(Pl.),French fries
populär,-,-,popular
Portugal,-,-,Portugal
Portugiesisch,-,-,Portuguese
Position,die,-en,position
positiv,-,-,positive
pro,-,-,per
probieren,-,-,to try
Problem,das,-e,problem
Produkt,das,-e,product
Produktion,die,-en,production
Professor,der,-en,professor
Professorin,die,-nen,female professor
Profil,das,-e,profile
Programm,das,-e,program
Projekt,das,-e,project
Pronomen,das,-,pronoun
prost,-,-,cheers
Prüfung,die,-en,exam
Publikum,das,(Sg.),audience
Pulli,der,-s,sweater
Pullover,der,-,sweater
Punkt (1),der,-e,point (at the end of the sentence)
Punkt (2),der,-e,"point (score, what is important)"
pünktlich,-,-,punctual
Pünktlichkeit,die,(Sg.),punctuality
qm,-,-,square meter
Quatsch,der,(Sg.),nonsense
Radiosendung,die,-en,radio show
Ratebild,das,-er,rating image
raten,-,-,to guess
Rathaus,das,-er,town hall
Rätoromanisch,-,-,Romansh language
rauchen,-,-,to smoke
Raum,der,-e,room
rausgehen,-,-,to go out
reagieren,-,-,to react
Reaktion,die,-en,reaction
recherchieren,-,-,to research
Rechnung,die,-en,bill
rechts,-,-,right
Redemittel,das,-,phrases
reden,-,-,to speak
Regal,das,-e,shelf
Possessivartikel,der,-,possessive article
Post,die,(Sg.),mail
Postkarte,die,-n,postcard
Postleitzahl,die,-en,postal code
Präfix,das,-e,prefix
Praktikum,das,Praktika,internship
praktisch,-,-,practical
Präposition,die,-en,preposition
Präsentation,die,-en,presentation
präsentieren,-,-,to present
Präteritum,das,Präterita,past tense
Praxis,die,Praxen,practice
Preis,der,-e,price
Regel,die,-n,rule
regelmäßig,-,-,regularly
Regen,der,-,rain
Regenjacke,die,-n,rain jacket
Regenschirm,der,-e,umbrella
Regisseur,der,-e,director
Regisseurin,die,-nen,female director
regnen,-,-,to rain
Reihenfolge,die,-n,sequence
Reihenhaus,das,-er,terraced house
Reis,der,(Sg.),rice
Reise,die,-n,trip
Reisebericht,der,-e,travel report
Reiseführer (1),der,-,tour guide
Reiseführer (2),der,-,travel guide
Reiseführerin,die,-nen,female tour guide
reisen,-,-,to travel
Reisetasche,die,-n,travel bag
Reiseziel,das,-e,travel destination
Religion,die,-en,religion
renoviert,-,-,renovated
Requiem,das,-s,requiem
reservieren,-,-,to reserve
Restaurant,das,-s,restaurant
Rezept,das,-e,recipe
Rezeption,die,-en,reception
richtig (1),-,-,correct (1)
richtig (2),-,-,really (2)
riechen,-,-,to smell
Rock,der,-e,skirt
Rolle,die,-n,role
Rollenkarte,die,-n,role card
rot,-,-,red
Route,die,-n,route
Rücken,der,-,back
Rückenschmerzen,die,-,back pain
ruhig,-,-,quiet
rund,-,-,around
rund um,-,-,around (in terms of)
Russisch,-,-,Russian
Russland,-,-,Russia
Sache,die,-n,thing
Saft (1),der,-e,juice (1)
Saft (2),der,-e,juice (2)
sagen,-,-,to say
Sahne,die,-,cream
Saison,die,-en/-s,season
Saison-Job,der,-s,seasonal job
Salami,die,-s,salami
Salat,der,-e,salad
Salbe,die,-n,ointment
Salz,das,-e,salt
sammeln,-,-,to collect
Samstag,der,-e,Saturday
Samstagabend,der,-e,Saturday evening
samstags,-,-,on Saturdays
Sandwich,der/das,-s,sandwich
satt,-,-,full
Satz,der,-e,sentence
Satzende,das,-n,sentence end
Satzklammer,die,-n,sentence bracket
Satzmelodie,die,-n,sentence melody
sauber,-,-,clean
sauber machen,-,-,to clean
Saxofon,das,-e,saxophone
schälen,-,-,to peel
schauen,-,-,to look
Schauspieler,der,-,actor
Schauspielerin,die,-nen,actress
scheinen,-,-,to seem
schenken,-,-,to give
schicken,-,-,to send
Schiff,das,-e,ship
Schild,das,-er,shield
Schinken,der,-,ham
schlafen,-,-,to sleep
Schlafsack,der,-e,sleeping bag
Schlaftablette,die,-n,sleeping pill
Schlafzimmer,das,-,bedroom
schlecht,-,-,bad
schließen (1),-,-,to close (1)
schließen (2),-,-,to close (2)
Schluss,der,-e,end
Schlüssel,der,-,key
schmecken,-,-,to taste
Schmerz,der,-en,pain
Schmuck,der,-,jewelry
Schnee,der,-,snow
schneiden,-,-,to cut
schneien,-,-,to snow
schnell,-,-,fast
Schnitzel,das,-,schnitzel
Schnupfen,der,-,cold (illness)
Schokolade,die,-n,chocolate
schon,-,-,already
schön,-,-,beautiful
schon wieder,-,-,again
Schrank,der,-e,cupboard
schrecklich,-,-,terrible
schreiben,-,-,to write
Schreibtisch,der,-e,desk
Schreibwaren,die,-,stationery
Schuh,der,-e,shoe
Schuhfan,der,-s,shoe fan
Schuhladen,der,-,shoe store
Schule,die,-n,school
schütten,-,-,to pour
schwarz,-,-,black
Schweiz,die,-,Switzerland
schwimmen,-,-,to swim
sechs,-,-,six
sechzehn,-,-,sixteen
sechzig,-,-,sixty
Secondhand-Laden,der,-s,secondhand store
See,der,-n,lake
Segellehrer,der,-e,sailing instructor
Segellehrerin,die,-nen,sailing instructor (female)
segeln,-,-,to sail
sehen,-,-,to see
Sehenswürdigkeit,die,-en,sight
sehr,-,-,very
Seife,die,-n,soap
sein (1),-,-,to be (1)
sein (2),-,-,his
sein (3),-,-,to be (3)
seit (+ D.),-,-,since (D.)
Seite,die,-n,page
Sekretär,der,-e,secretary
Sekretärin,die,-nen,secretary (female)
Sekunde,die,-n,second
selbst,-,-,self
Selbstbedienung,die,-,self-service
selten,-,-,rarely
Semester,das,-,semester
Seminar,das,-e,seminar
Sensation,die,-en,sensation
September,der,-,September
Serbisch,-,-,Serbian
Serie,die,-n,series
Serviette,die,-n,napkin
Sessel,der,-,armchair
Shop,der,-s,shop
shoppen,-,-,to shop
shoppen gehen,-,-,to go shopping
sicher,-,-,sure
Sie,-,-,they (formal)
sie (1),-,-,she (1)
sie (2),-,-,they (2)
sie (3),-,-,she (3)
sieben,-,-,seven
siebzehn,-,-,seventeen
siebzig,-,-,seventy
Silbenanfang,der,-e,syllable beginning
S-Bahn,die,-en,S-Bahn (train)
schwer (1),-,-,heavy (1)
singen,-,-,to sing
Singular,der,-e,singular
schade,-,-,a pity
schaffen,-,-,to manage
Schaffner,der,-,conductor
schwer (2),-,-,heavy (2)
Situation,die,-en,situation
sitzen,-,-,to sit
Schaffnerin,die,-nen,female conductor
Schwester,die,-n,sister
Schwimmbad,das,"""er",swimming pool
Ski,der,-,ski
Schal,der,-s,scarf
Skifahren,das,-,skiing
Ski-Urlaub,der,-e,ski vacation
Small Talk,der,-s,Small talk
Snowboard-Urlaub,der,-e,Snowboard vacation
so (1),-,-,"so (e.g., Schwimmst du gern?)"
so (2),-,-,"so (e.g., Es geht so.)"
so (3),-,-,"so (e.g., So sagt man...)"
so (4),-,-,"so (e.g., So ein Zufall!)"
so (5),-,-,"so (e.g., Wie geht es Ihnen?)"
Sofa,das,-s,Sofa
sofort,-,-,immediately
Sohn,der,-e,son
Solist,der,-en,soloist
Solistin,die,-nen,soloist (female)
sollen,-,-,should (modal verb)
Sommer,der,-,summer
Sommerfest,das,-e,summer festival
Sonne,die,-n,sun
Sonnenbrille,die,-n,sunglasses
Sonnencreme,die,-s,sunscreen
sonnig,-,-,sunny
Sonntag,der,-e,Sunday
Sonntagnachmittag,der,-e,Sunday afternoon
sonst,-,-,otherwise
Souvenir,das,-s,souvenir
Spaghetti,die,-,spaghetti
Spanien,-,-,Spain
Spanisch,-,-,Spanish
Spaß,der,-,fun
spät,-,-,late
später,-,-,later
spazieren gehen,-,-,to go for a walk
Spaziergang,der,-e,walk
speichern,-,-,to save
Speisekarte,die,-n,menu
Spezialität,die,-en,specialty
Spiel,das,-e,game
spielen,-,-,to play
Spielplatz,der,-e,playground
Spielwaren,die,-,toys
Sport,der,-,sport
Sportclub,der,-s,sports club
Sportkleidung,die,-,sports clothing
Sportler,der,-,athlete (male)
Sportlerin,die,-nen,athlete (female)
sportlich,-,-,athletic
Sportschuh,der,-e,sports shoe
Sprache,die,-n,language
Sprachinstitut,das,-e,language institute
Sprachkurs,der,-e,language course
Sprachnachricht,die,-en,voice message
Sprachschule,die,-n,language school
sprechen,-,-,to speak
Spritze,die,-n,syringe
Spülmaschine,die,-n,dishwasher
Stadion,das,Stadien,stadium
Stadt,die,-e,city
Städtereise,die,-n,city trip
Stadtführung,die,-en,city tour
Stadtpark,der,-s,city park
Stadttour,die,-en,city tour
Stadturlaub,der,-e,city vacation
Stapel,der,-,pile
Star,der,-s,star
Start,der,-s,start
Station,die,-en,station
Statist,der,-en,extra (in a play or film)
Statistik,die,-en,statistics
Statistin,die,-nen,extra (female)
stattfinden,-,-,to take place
stehen (1),-,-,to stand (location)
stehen (2),-,-,to fit (clothing)
Stelle,die,-n,position
stellen (1),-,-,to ask (a question)
stellen (2),-,-,to place (something)
Stichpunkt,der,-e,bullet point
Stiefel,der,-,boots
Stift,der,-e,pen
stimmen (1),-,-,to agree
stimmen (2),-,-,to be correct
Stock,der,-e,floor
Stollen,der,-,Christmas bread
Strand,der,-e,beach
Strandbar,die,-s,beach bar
Straße,die,-n,street
Straßenbahn,die,-en,tram
Strategie,die,-n,strategy
Stress,der,-,stress
stressig,-,-,stressful
Stück,das,-e,piece
Student,der,-en,student (male)
Studentin,die,-nen,student (female)
studieren,-,-,to study
Studio,das,-s,studio
Studium,das,Studien,studies
Stuhl,der,-e,chair
Stunde,die,-n,hour
Subjekt,das,-e,subject (grammar)
suchen,-,-,to search
Südamerika,-,-,South America
Süden,der,-,south
super,-,-,super
Supermarkt,der,-e,supermarket
supernett,-,-,super nice
Suppe,die,-n,soup
Suppenhuhn,das,-er,soup chicken
Sushi,das,-s,sushi
süß (1),-,-,sweet (taste)
süß (2),-,-,cute
Süßigkeit,die,-en,candy
Sweatshirt,das,-s,sweatshirt
Symbol,das,-e,symbol
Szene,die,-n,scene
Tabelle,die,-n,table
Tablette,die,-n,tablet
Tafel (1),die,-n,board
Tafel (2),die,-n,shelf
Tag,der,-e,day
Täglichezeit,die,-en,daily time
tatsächlich,-,-,actually
tausend,-,-,thousand
Taxi,das,-s,taxi
Taxifahrer,der,-,taxi driver
Taxifahrerin,die,-nen,taxi driver (female)
Taxifahrt,die,-en,taxi ride
Team,das,-s,team
Technik,die,-en,technology
Techniker,der,-,technician (male)
Technikerin,die,-nen,technician (female)
Tee,der,-s,tea
Teil,der,-e,part
Telefon,das,-e,telephone
Telefongespräch,das,-e,phone conversation
telefonieren,-,-,to phone
Telefonnummer,die,-n,phone number
Teller,der,-e,plate
Tennis,-,-,tennis
Tennisplatz,der,-e,tennis court
Teppich,der,-e,carpet
Termin,der,-e,appointment
Terrasse,die,-n,terrace
Test,der,-s,test
teuer,-,-,expensive
Text,der,-e,text
Textbaustein,der,-e,text block
Thailand,-,-,Thailand
Theater,das,-,theater
Theater-Festival,das,-s,theater festival
Thema,das,Themen,topic
thematisch,-,-,thematic
Therapeut,der,-en,therapist (male)
Therapeutin,die,-nen,therapist (female)
Ticket,das,-s,ticket
Ticketkauf,der,-e,ticket purchase
Tipp,der,-s,tip
Tisch,der,-e,table
Tochter,die,-n,daughter
Toilette,die,-n,toilet
Tomate,die,-n,tomato
Tomatensuppe,die,-n,tomato soup
Top,-,-,top
topaktuell,-,-,"very current, up-to-date"
total,-,-,total
Tour,die,-en,tour
tragen,-,-,to carry
trainieren,-,-,to train
Training,das,-s,training
Trạm,die/das,-s,station (Vietnamese context)
Traum,der,-e,dream
Traumurlaub,der,-e,dream vacation
treffen,-,-,to meet
Treffpunkt,der,-e,meeting point
Trendstadt,die,-e,trend city
trennbar,-,-,separable (verbs)
Trệppe,die,-n,stairs
um (1),-,-,around (time: around seven)
um (2),-,-,"for, request (e.g. excuse)"
Umlaut,der,-e,umlaut (vowel change)
umsteigen,-,-,to change (trains)
umtauschen,-,-,to exchange
umziehen,-,-,to move (house)
Umzug,der,-e,move (moving house)
unbestimmt,-,-,indefinite
und,-,-,and
Unfall,der,-e,accident
Ungarisch,-,-,Hungarian
ungefähr,-,-,approximately
trinken,-,-,to drink
Trinkgeld,das,-er,tip (money)
Trompete,die,-n,trumpet
Trompetenunterricht,der,(Sg.),trumpet lessons
Tropfen,der,-,drop (liquid)
tschüs,-,-,bye
T-Shirt,das,-s,T-shirt
Tuch,das,-er,cloth
tun,-,-,to do
Tür,die,-en,door
Türkei,die,(Sg.),Turkey
Türkisch,-,-,Turkish
Turm,der,-e,tower
Tüte,die,-n,bag
typisch,-,-,typical
U-Bahn,die,-en,subway
über (1),-,-,about (talk about something)
über (2),-,-,above (position)
über (3),-,-,about (gather info)
über (4),-,-,above (location)
überall,-,-,everywhere
überlegen,-,-,to consider
übernachten,-,-,to spend the night
Überraschung,die,-en,surprise
Überraschungstag,der,-e,surprise day
Überschrift,die,-en,headline
überweisen,-,-,to transfer (money)
Übung,die,-en,exercise
Übungsbuch,das,-er,exercise book
Uhr (1),-,-,hour (time)
Uhr (2),die,-en,clock
Uhrzeit,die,-en,time
Ukraine,die,(Sg.),Ukraine
unhöflich,-,-,rude
Uni,die,-s,university
Unicafé,das,-s,university café
Universität,die,-en,university
unregelmäßig,-,-,irregular
uns,-,-,us (reflexive pronoun)
unser,-,-,our
unten,-,-,below
unter (+ D.),-,-,under
Unterricht,der,(Sg.),lesson
unterschreiben,-,-,to sign
Unterschrift,die,-en,signature
unterstreichen,-,-,to underline
Untersuchen,-,-,to investigate
unterwegs,-,-,on the way
Urlaub,der,-e,vacation
Urlaubsnachricht,die,-en,vacation message
Urlaubsort,der,-e,holiday destination
USA,die,-,USA
USB-Stick,der,-s,USB stick
Variation,die,-en,variation
variieren,-,-,to vary
Vater,der,-e,father
verabreden,-,-,to arrange (meeting)
Verabredung,die,-en,appointment
verabscheiden,-,-,to decide
Veranstaltung,die,-en,event
Verb,das,-en,verb
Verband,der,-e,"association, band"
verbinden (1),-,-,to connect (things)
verbinden (2),-,-,to connect (people)
Verbot,das,-e,ban
verboten,-,-,forbidden
verdienen,-,-,to earn
vereinbaren,-,-,"to arrange, to agree"
vergessen,-,-,to forget
vergleichen,-,-,to compare
verheiratet,-,-,married
verkaufen,-,-,to sell
Verkäufer,der,-,salesman
Verkäuferin,die,-nen,saleswoman
verletzt,-,-,injured
Verletzte,der/die,-n,injured person
vermieten,-,-,to rent
Vermieter,der,-,landlord
Vermieterin,die,-nen,landlady
vermissen,-,-,to miss
vermuten,-,-,to assume
Verpackung,die,-en,packaging
verpassen,-,-,to miss
verschieden,-,-,different
Verspätung,die,-en,delay
verstehen,-,-,to understand
versuchen,-,-,to try
Vertrag,der,-e,contract
Verwandte,der/die,-n,relative
verwenden,-,-,to use
Video,das,-s,video
viel,-,-,"much, many"
vielleicht,-,-,maybe
vier,-,-,four
Viertel,das,-,quarter
vierzehn,-,-,fourteen
vierzig,-,-,forty
Vokal,der,-e,vowel
voll,-,-,full
von (1),-,-,from
von (2),-,-,of (profession)
vor (1),-,-,before
vor (2),-,-,before (time)
vorbei sein,-,-,to be over
vorbereiten,-,-,to prepare
vorgestern,-,-,the day before yesterday
vorher,-,-,before
vorlesen,-,-,to read aloud
Vorliebe,die,-n,preference
Vormittag,der,-e,morning
vormittags,-,-,in the mornings
Vorname,der,-n,first name
vorne,-,-,in front
Vorschlag,der,-e,suggestion
vorspielen,(no article),(no plural),to play beforehand
vorstellen,(no article),(no plural),to introduce
Vorteil,der,-e,advantage
wählen,(no article),(no plural),to choose
wandern,(no article),(no plural),to hike
Ware,die,-n,goods
warm,(no article),(no plural),warm
warten,(no article),(no plural),to wait
warum,(no article),(no plural),why
was,(no article),(no plural),what
willkommen,(no article),(no plural),welcome
Wind,der,-e,wind
windig,(no article),(no plural),windy
Winter,der,-,winter
Winterjacke,die,-n,winter jacket
wir,(no article),(no plural),we
wirklich (1),(no article),(no plural),really
wissen,(no article),(no plural),to know
WLAN,das,(no plural),Wi-Fi
wo,(no article),(no plural),where
waschen,(no article),(no plural),to wash
Woche,die,-n,week
Waschmaschine,die,-n,washing machine
Wasser,das,(no plural),water
wechseln,(no article),(no plural),to change
Wechselpräposition,die,-en,changing preposition
wecken,(no article),(no plural),to wake up
Weg,der,-e,way
Wegbeschreibung,die,-en,directions
wegräumen,(no article),(no plural),to clear away
weh tun,(no article),(no plural),to hurt
weiblich,(no article),(no plural),female
Wochenende,das,-n,weekend
Wochentag,der,-e,weekday
woher,(no article),(no plural),from where
wohin,(no article),(no plural),to where
wohnen,(no article),(no plural),to live
Wohnfläche,die,-n,living space
Wohnform,die,-en,type of accommodation
Wohnung,die,-en,apartment
Zeit,die,-en,time
Zeitangabe,die,-n,time specification
Zeitschrift,die,-en,magazine
Zeitung,die,-en,newspaper
Zelt,das,-e,tent
zentral,(no article),(no plural),central
Zentrum,das,-en,center
zerlegen,(no article),(no plural),to disassemble
Zettel,der,-,note
ziehen (1),(no article),(no plural),to pull
ziehen (2),(no article),(no plural),to move
Ziel,das,-e,goal
Zimmer,das,-,room
Zoo,der,-s,zoo
zu (1),(no article),(no plural),to (as in direction)
zu (2),(no article),(no plural),for (with dative)
zu (3),(no article),(no plural),too (as in excessively)
zu (4),(no article),(no plural),to (as in bringing someone)
zu Fuß,(no article),(no plural),on foot
zu Hause,(no article),(no plural),at home
zu Mittag essen,(no article),(no plural),to eat lunch
Wohnort,der,-e,place of residence
Weihnachtsmarkt,der,-e,Christmas market
Wohnungsanzeige,die,-n,apartment ad
Wohnungssuche,die,(no plural),apartment search
weiß,(no article),(no plural),white
Wohnzimmer,das,-,living room
zulbereiten,(no article),(no plural),to prepare
Zucker,der,(no plural),sugar
zuerst,(no article),(no plural),first
Zufall,der,-e,coincidence
Weise,die,(no plural),way (manner)
weit (1),(no article),(no plural),far
weit (2),(no article),(no plural),wide
weitere,(no article),(no plural),further
weiterhören,(no article),(no plural),to keep listening
Welt,die,-en,world
wem,(no article),(no plural),to whom
wen,(no article),(no plural),whom
wenig,(no article),(no plural),little
wer,(no article),(no plural),who
werden,(no article),(no plural),to become
Werkstatt,die,-en,workshop
Wüste,die,-n,desert
Wetter,das,-,weather
Wetterbericht,der,-e,weather report
W-Frage,die,-n,W-question
WG,die,-s,shared apartment
wichtig,(no article),(no plural),important
wie,(no article),(no plural),how
wie lange,(no article),(no plural),how long
wie viel,(no article),(no plural),"how much, how many"
wieder,(no article),(no plural),again
wiederholen,(no article),(no plural),to repeat
wiegen,(no article),(no plural),to weigh
Wolke,die,-n,cloud
wollen,(no article),(no plural),to want
Wort,das,-er,word
Wortanfang,der,-e,beginning of word
Wortende,das,-n,end of word
Wörterbuch,das,-er,dictionary
Wortgruppe,die,-n,word group
Wortinnere,das,(no plural),inside of word
Wortliste,die,-n,word list
Wortteil,der,-e,part of a word
Wunde,die,-n,wound
wunderbar,(no article),(no plural),wonderful
wunderschön,(no article),(no plural),beautiful
Wunsch,der,-e,wish
wünschen,(no article),(no plural),to wish
würfeln,(no article),(no plural),to roll (dice)
Wurst,die,-e,sausage
Würstchen,das,-,small sausage
Würstel,das,-,small sausage
W-Wort,das,-er,W-word
Yoga,(no article),(no plural),yoga
Zahl,die,-en,number
zahlen,(no article),(no plural),to pay
Zahn,der,-e,tooth
Zahnarzt,der,-e,dentist (male)
Zahnärztin,die,-nen,dentist (female)
Zahnschmerzen,die,(no plural),toothache
zehn,(no article),(no plural),ten
zeichnen,(no article),(no plural),to draw
Zeichnung,die,-en,drawing
zeigen,(no article),(no plural),to show
zufrieden,(no article),(no plural),satisfied
Zug,der,-e,train
zum Glück,(no article),(no plural),luckily
zum Schluss,(no article),(no plural),in conclusion
zum Wohl,(no article),(no plural),for health
zum Schluss,(no article),(no plural),finally
Zumba,(no article),(no plural),Zumba (dance form)
zulordnen,(no article),(no plural),to assign
zurück,(no article),(no plural),back
zurückfahren,(no article),(no plural),to drive back
zurückfinden,(no article),(no plural),to find one's way back
zurück schicken,(no article),(no plural),to send back
zurzeit,(no article),(no plural),currently
zusammen,(no article),(no plural),together
zusammengehören,(no article),(no plural),to belong together
zusammenpassen,(no article),(no plural),to match
Zuschauer,der,-e,spectator
Zuschauerin,die,-nen,spectator (female)
zwanzig,(no article),(no plural),twenty
zwei,(no article),(no plural),two
zweimal,(no article),(no plural),twice
zweit,(no article),(no plural),second
Zwiebel,die,-n,onion
zwischen,(no article),(no plural),between
zwölf,(no article),(no plural),twelve
